pay_date,fullname,pay_countpermon,pay_amount
2007-2,Aaron Selby,3,13.97
2007-2,Adam Gooch,1,0.99
2007-2,Adrian Clary,1,2.99
2007-2,Agnes Bishop,3,14.97
2007-2,Alan Kahn,3,13.97
2007-2,Albert Crouse,5,20.95
2007-2,Alberto Henning,5,17.95
2007-2,Alexander Fennell,6,23.94
2007-2,Alex Gresham,10,52.90
2007-2,Alfred Casillas,5,27.95
2007-2,Alfredo Mcadams,2,7.98
2007-2,Alice Stewart,2,2.98
2007-2,Alicia Mills,1,4.99
2007-2,Allan Cornish,3,5.97
2007-2,Allen Butterfield,1,2.99
2007-2,Allison Stanley,4,13.96
2007-2,Alma Austin,8,31.92
2007-2,Alvin Deloach,4,30.96
2007-2,Amanda Carter,4,16.96
2007-2,Amber Dixon,4,14.96
2007-2,Amy Lopez,4,15.96
2007-2,Ana Bradley,4,19.96
2007-2,Andrea Henderson,3,12.97
2007-2,Andre Rapp,6,25.94
2007-2,Andy Vanhorn,3,11.97
2007-2,Angela Hernandez,7,21.93
2007-2,Angel Barclay,3,8.97
2007-2,Anita Morales,1,2.99
2007-2,Anna Hill,2,19.98
2007-2,Anne Powell,6,19.94
2007-2,Annette Olson,2,5.98
2007-2,Ann Evans,2,10.98
2007-2,Annie Russell,3,8.97
2007-2,Antonio Meek,3,19.97
2007-2,April Burns,2,4.98
2007-2,Arlene Harvey,1,7.99
2007-2,Armando Gruber,5,25.95
2007-2,Arnold Havens,4,16.96
2007-2,Arthur Simpkins,3,11.97
2007-2,Ashley Richardson,1,0.99
2007-2,Audrey Ray,5,16.95
2007-2,Austin Cintron,4,20.96
2007-2,Barbara Jones,6,16.94
2007-2,Barry Lovelace,6,17.94
2007-2,Beatrice Arnold,2,9.98
2007-2,Ben Easter,8,33.92
2007-2,Benjamin Varney,5,19.95
2007-2,Bernice Willis,3,3.97
2007-2,Bertha Ferguson,4,16.96
2007-2,Bessie Morrison,5,23.95
2007-2,Beth Franklin,3,8.97
2007-2,Betty White,1,4.99
2007-2,Beverly Brooks,2,5.98
2007-2,Bill Gavin,9,30.91
2007-2,Billy Poulin,7,23.93
2007-2,Bobby Boudreau,5,16.95
2007-2,Bob Pfeiffer,1,2.99
2007-2,Bonnie Hughes,3,13.97
2007-2,Bradley Motley,5,19.95
2007-2,Brad Mccurdy,5,22.95
2007-2,Brandon Huey,2,2.98
2007-2,Brenda Wright,11,35.89
2007-2,Brent Harkins,4,12.96
2007-2,Brett Cornwell,3,9.97
2007-2,Brittany Riley,7,23.93
2007-2,Bruce Schwarz,5,17.95
2007-2,Bryan Hardison,3,11.97
2007-2,Byron Box,4,20.96
2007-2,Calvin Martel,3,18.97
2007-2,Carla Gutierrez,4,9.96
2007-2,Carl Artis,4,11.96
2007-2,Carlos Coughlin,3,17.97
2007-2,Carmen Owens,6,22.94
2007-2,Carol Garcia,4,25.96
2007-2,Caroline Bowman,2,4.98
2007-2,Carolyn Perez,4,12.96
2007-2,Carrie Porter,6,19.94
2007-2,Casey Mena,4,16.96
2007-2,Catherine Campbell,7,32.93
2007-2,Cathy Spencer,6,29.94
2007-2,Cecil Vines,3,14.97
2007-2,Chad Carbone,1,2.99
2007-2,Charlene Alvarez,1,0.99
2007-2,Charlie Bess,4,19.96
2007-2,Charlotte Hunter,6,21.94
2007-2,Cheryl Murphy,3,10.97
2007-2,Chester Benner,4,21.96
2007-2,Chris Brothers,1,4.99
2007-2,Christian Jung,5,15.95
2007-2,Christina Ramirez,1,4.99
2007-2,Christine Roberts,1,4.99
2007-2,Christy Vargas,8,34.92
2007-2,Cindy Fisher,6,27.94
2007-2,Clara Shaw,6,22.94
2007-2,Clarence Gamez,5,10.95
2007-2,Claude Herzog,2,7.98
2007-2,Claudia Fuller,8,36.92
2007-2,Clayton Barbee,2,8.98
2007-2,Clifford Bowens,4,13.96
2007-2,Clifton Malcolm,3,13.97
2007-2,Clinton Buford,4,23.96
2007-2,Clyde Tobias,2,11.98
2007-2,Cody Nolen,4,16.96
2007-2,Colleen Burton,4,12.96
2007-2,Connie Wallace,2,9.98
2007-2,Constance Reid,2,9.98
2007-2,Corey Hauser,2,1.98
2007-2,Cory Meehan,4,7.96
2007-2,Courtney Day,3,8.97
2007-2,Craig Morrell,5,26.95
2007-2,Crystal Ford,2,11.98
2007-2,Curtis Irby,6,22.94
2007-2,Cynthia Young,5,13.95
2007-2,Dale Ratcliff,2,3.98
2007-2,Dana Hart,2,12.98
2007-2,Danielle Daniels,2,7.98
2007-2,Danny Isom,2,8.98
2007-2,Dan Paine,4,25.96
2007-2,Darlene Rose,1,0.99
2007-2,Darrell Power,4,15.96
2007-2,Darren Windham,2,9.98
2007-2,Darryl Ashcraft,3,5.97
2007-2,Daryl Larue,3,12.97
2007-2,Dave Gardiner,2,12.98
2007-2,Dawn Sullivan,3,11.97
2007-2,Deanna Byrd,6,23.94
2007-2,Dean Sauer,5,20.95
2007-2,Debbie Reyes,3,20.97
2007-2,Deborah Walker,6,33.94
2007-2,Debra Nelson,6,26.94
2007-2,Delores Hansen,2,15.98
2007-2,Denise Kelly,4,12.96
2007-2,Derek Blakely,2,10.98
2007-2,Derrick Bourque,4,12.96
2007-2,Diana Alexander,7,21.93
2007-2,Diane Collins,4,11.96
2007-2,Dolores Wagner,7,32.93
2007-2,Donna Thompson,3,20.97
2007-2,Dora Medina,5,19.95
2007-2,Doris Reed,5,18.95
2007-2,Dorothy Taylor,5,15.95
2007-2,Douglas Graf,7,30.93
2007-2,Duane Tubbs,3,12.97
2007-2,Dustin Gillette,2,16.98
2007-2,Dwayne Olvera,4,21.96
2007-2,Dwight Lombardi,1,1.99
2007-2,Earl Shanks,3,13.97
2007-2,Eddie Tomlin,7,28.93
2007-2,Edgar Rhoads,3,14.97
2007-2,Edith Mcdonald,2,5.98
2007-2,Edna West,5,25.95
2007-2,Eduardo Hiatt,6,23.94
2007-2,Edwin Burk,3,13.97
2007-2,Eileen Carr,4,14.96
2007-2,Elaine Stevens,3,11.97
2007-2,Eleanor Hunt,5,22.95
2007-2,Elizabeth Brown,5,19.95
2007-2,Ella Oliver,2,3.98
2007-2,Ellen Simpson,1,2.99
2007-2,Elmer Noe,6,22.94
2007-2,Elsie Kelley,1,0.99
2007-2,Emily Diaz,2,7.98
2007-2,Emma Boyd,4,17.96
2007-2,Enrique Forsythe,2,3.98
2007-2,Erica Matthews,2,7.98
2007-2,Erik Guillen,3,3.97
2007-2,Erin Dunn,3,10.97
2007-2,Ernest Stepp,7,34.93
2007-2,Esther Crawford,6,19.94
2007-2,Ethel Webb,4,19.96
2007-2,Eugene Culpepper,4,23.96
2007-2,Eva Ramos,4,15.96
2007-2,Evelyn Morgan,5,20.95
2007-2,Everett Banda,4,12.96
2007-2,Felix Gaffney,3,11.97
2007-2,Fernando Churchill,3,10.97
2007-2,Florence Woods,7,24.93
2007-2,Floyd Gandy,4,17.96
2007-2,Frances Parker,3,17.97
2007-2,Francisco Skidmore,1,2.99
2007-2,Francis Sikes,1,6.99
2007-2,Franklin Troutman,6,14.94
2007-2,Freddie Duggan,3,7.97
2007-2,Frederick Isbell,4,19.96
2007-2,Fred Wheat,1,0.99
2007-2,Gabriel Harder,2,6.98
2007-2,Gail Knight,5,27.95
2007-2,Gene Sanborn,6,19.94
2007-2,Georgia Jacobs,1,0.99
2007-2,Gerald Fultz,3,8.97
2007-2,Geraldine Perkins,2,6.98
2007-2,Gertrude Castillo,1,3.99
2007-2,Gilbert Sledge,4,22.96
2007-2,Gina Williamson,9,35.91
2007-2,Gladys Hamilton,4,7.96
2007-2,Glenda Frazier,6,29.94
2007-2,Glenn Pullen,2,7.98
2007-2,Glen Talbert,4,16.96
2007-2,Gloria Cook,4,13.96
2007-2,Gordon Allard,3,9.97
2007-2,Grace Ellis,4,19.96
2007-2,Greg Robins,6,24.94
2007-2,Guy Brownlee,6,39.94
2007-2,Gwendolyn May,4,13.96
2007-2,Harold Martino,3,14.97
2007-2,Harry Arce,6,30.94
2007-2,Harvey Guajardo,4,24.96
2007-2,Hazel Warren,3,9.97
2007-2,Heather Morris,5,10.95
2007-2,Hector Poindexter,1,3.99
2007-2,Heidi Larson,5,11.95
2007-2,Helen Harris,3,9.97
2007-2,Henry Billingsley,3,9.97
2007-2,Herbert Kruger,5,14.95
2007-2,Herman Devore,4,13.96
2007-2,Hilda Hopkins,2,10.98
2007-2,Holly Fox,6,25.94
2007-2,Howard Fortner,5,14.95
2007-2,Hugh Waldrop,2,5.98
2007-2,Ian Still,9,33.91
2007-2,Ida Andrews,4,14.96
2007-2,Irene Price,6,12.94
2007-2,Irma Pearson,4,15.96
2007-2,Isaac Oglesby,3,10.97
2007-2,Ivan Cromwell,7,32.93
2007-2,Jack Foust,3,9.97
2007-2,Jackie Lynch,2,5.98
2007-2,Jacob Lance,3,5.97
2007-2,Jacqueline Long,7,24.93
2007-2,Jaime Nettles,3,16.97
2007-2,Jamie Rice,7,25.93
2007-2,Jamie Waugh,1,2.99
2007-2,Jane Bennett,5,21.95
2007-2,Janet Phillips,5,17.95
2007-2,Janice Ward,7,29.93
2007-2,Jared Ely,3,9.97
2007-2,Javier Elrod,2,9.98
2007-2,Jay Robb,7,22.93
2007-2,Jean Bell,3,6.97
2007-2,Jeanette Greene,6,17.94
2007-2,Jeanne Lawson,7,31.93
2007-2,Jeff East,3,8.97
2007-2,Jeffery Pinson,5,12.95
2007-2,Jennie Terry,3,15.97
2007-2,Jennifer Davis,4,8.96
2007-2,Jeremy Hurtado,4,11.96
2007-2,Jerome Kenyon,2,7.98
2007-2,Jesse Schilling,6,14.94
2007-2,Jessica Hall,7,41.93
2007-2,Jessie Banks,6,23.94
2007-2,Jessie Milam,6,18.94
2007-2,Jesus Mccartney,5,18.95
2007-2,Jill Hawkins,2,1.98
2007-2,Jimmie Eggleston,5,27.95
2007-2,Jimmy Schrader,2,7.98
2007-2,Jim Rea,7,22.93
2007-2,Joan Cooper,7,24.93
2007-2,Joanne Robertson,4,16.96
2007-2,Joann Gardner,3,16.97
2007-2,Joe Gilliland,4,19.96
2007-2,Joel Francisco,7,35.93
2007-2,Jo Fowler,1,4.99
2007-2,Johnnie Chisholm,6,32.94
2007-2,Johnny Turpin,6,15.94
2007-2,Jonathan Scarborough,3,17.97
2007-2,Jon Wiles,4,7.96
2007-2,Jordan Archuleta,2,6.98
2007-2,Jorge Olivares,4,13.96
2007-2,Josephine Gomez,2,4.98
2007-2,Joyce Edwards,5,23.95
2007-2,Joy George,6,20.94
2007-2,Juan Fraley,4,8.96
2007-2,Juanita Mason,3,5.97
2007-2,Judith Cox,2,3.98
2007-2,Judy Gray,2,7.98
2007-2,Julia Flores,5,30.95
2007-2,Julian Vest,5,15.95
2007-2,Julie Sanchez,4,13.96
2007-2,Julio Noland,1,2.99
2007-2,June Carroll,8,42.92
2007-2,Justin Ngo,4,15.96
2007-2,Karen Jackson,4,19.96
2007-2,Karl Seal,9,41.91
2007-2,Kathleen Adams,1,0.99
2007-2,Kathryn Coleman,5,20.95
2007-2,Kathy James,3,13.97
2007-2,Katie Elliott,6,35.94
2007-2,Keith Rico,4,16.96
2007-2,Kelly Knott,4,12.96
2007-2,Kelly Torres,4,13.96
2007-2,Ken Prewitt,2,5.98
2007-2,Kent Arsenault,3,8.97
2007-2,Kimberly Lee,5,24.95
2007-2,Kim Cruz,3,10.97
2007-2,Kirk Stclair,2,3.98
2007-2,Kristen Chavez,5,19.95
2007-2,Kristin Johnston,3,10.97
2007-2,Kurt Emmons,1,8.99
2007-2,Kyle Spurlock,3,12.97
2007-2,Lance Pemberton,5,21.95
2007-2,Laura Rodriguez,1,2.99
2007-2,Lauren Hudson,5,12.95
2007-2,Laurie Lawrence,1,3.99
2007-2,Lawrence Lawton,4,12.96
2007-2,Lee Hawks,3,12.97
2007-2,Lena Jensen,4,24.96
2007-2,Leo Ebert,5,28.95
2007-2,Leonard Schofield,6,26.94
2007-2,Leon Bostic,1,0.99
2007-2,Leroy Bustamante,4,18.96
2007-2,Leslie Gordon,5,16.95
2007-2,Leslie Seward,5,27.95
2007-2,Lester Kraus,4,21.96
2007-2,Lewis Lyman,6,31.94
2007-2,Lillian Griffin,6,25.94
2007-2,Lillie Kim,4,13.96
2007-2,Linda Williams,4,25.96
2007-2,Lisa Anderson,3,15.97
2007-2,Lloyd Dowd,2,6.98
2007-2,Lois Butler,4,12.96
2007-2,Lonnie Tirado,2,15.98
2007-2,Loretta Carpenter,5,13.95
2007-2,Lori Wood,3,17.97
2007-2,Lorraine Stephens,2,6.98
2007-2,Louise Jenkins,4,20.96
2007-2,Louis Leone,2,9.98
2007-2,Lucille Holmes,2,5.98
2007-2,Lucy Wheeler,5,11.95
2007-2,Luis Yanez,3,12.97
2007-2,Lydia Burke,3,12.97
2007-2,Lynn Payne,4,13.96
2007-2,Mabel Holland,7,30.93
2007-2,Manuel Murrell,3,10.97
2007-2,Marcia Dean,8,37.92
2007-2,Marc Outlaw,4,14.96
2007-2,Marcus Hidalgo,6,25.94
2007-2,Margaret Moore,2,12.98
2007-2,Margie Wade,9,38.91
2007-2,Maria Miller,5,10.95
2007-2,Marian Mendoza,5,12.95
2007-2,Marie Turner,4,15.96
2007-2,Marilyn Ross,3,15.97
2007-2,Mario Cheatham,2,9.98
2007-2,Marion Ocampo,5,24.95
2007-2,Marion Snyder,8,44.92
2007-2,Marjorie Tucker,2,8.98
2007-2,Marlene Welch,3,14.97
2007-2,Marsha Douglas,2,5.98
2007-2,Marshall Thorn,6,29.94
2007-2,Martha Gonzalez,5,15.95
2007-2,Martin Bales,6,27.94
2007-2,Marvin Yee,2,10.98
2007-2,Mary Smith,7,31.93
2007-2,Mathew Bolin,3,9.97
2007-2,Mattie Hoffman,3,11.97
2007-2,Maureen Little,2,7.98
2007-2,Maurice Crawley,2,3.98
2007-2,Maxine Silva,5,13.95
2007-2,Max Pitt,3,19.97
2007-2,Megan Palmer,5,13.95
2007-2,Melanie Armstrong,4,13.96
2007-2,Melinda Fernandez,2,10.98
2007-2,Melissa King,4,12.96
2007-2,Melvin Ellington,4,14.96
2007-2,Michele Grant,3,8.97
2007-2,Michelle Clark,5,31.95
2007-2,Miguel Betancourt,5,24.95
2007-2,Mike Way,6,35.94
2007-2,Mildred Bailey,2,9.98
2007-2,Milton Howland,1,4.99
2007-2,Minnie Romero,5,23.95
2007-2,Mitchell Westmoreland,3,12.97
2007-2,Monica Hicks,2,14.98
2007-2,Morris Mccarter,7,33.93
2007-2,Myrtle Fleming,3,12.97
2007-2,Nancy Thomas,6,26.94
2007-2,Natalie Meyer,5,15.95
2007-2,Nathaniel Adam,2,8.98
2007-2,Nathan Runyon,7,26.93
2007-2,Neil Renner,2,8.98
2007-2,Nellie Garrett,3,10.97
2007-2,Nelson Christenson,1,2.99
2007-2,Nicholas Barfield,5,14.95
2007-2,Nicole Peterson,5,25.95
2007-2,Nora Herrera,4,20.96
2007-2,Norma Gonzales,5,19.95
2007-2,Norman Currier,3,4.97
2007-2,Oscar Aquino,3,8.97
2007-2,Pamela Baker,3,10.97
2007-2,Patricia Johnson,1,2.99
2007-2,Patsy Davidson,4,20.96
2007-2,Paula Bryant,4,8.96
2007-2,Pauline Henry,4,13.96
2007-2,Pearl Garza,3,15.97
2007-2,Perry Swafford,4,13.96
2007-2,Peter Menard,6,34.94
2007-2,Philip Causey,5,19.95
2007-2,Phillip Holm,3,4.97
2007-2,Phyllis Foster,2,5.98
2007-2,Rachel Barnes,2,7.98
2007-2,Rafael Abney,4,24.96
2007-2,Ralph Madrigal,4,18.96
2007-2,Ramon Choate,1,2.99
2007-2,Randall Neumann,3,11.97
2007-2,Randy Gaither,2,1.98
2007-2,Raul Fortier,2,7.98
2007-2,Ray Houle,6,15.94
2007-2,Rebecca Scott,3,11.97
2007-2,Regina Berry,1,4.99
2007-2,Reginald Kinder,5,25.95
2007-2,Renee Lane,4,13.96
2007-2,Rene Mcalister,4,20.96
2007-2,Rhonda Kennedy,4,19.96
2007-2,Ricardo Meador,4,17.96
2007-2,Rick Mattox,7,31.93
2007-2,Ricky Shelby,2,1.98
2007-2,Rita Graham,4,8.96
2007-2,Roberta Harper,3,14.97
2007-2,Roberto Vu,4,18.96
2007-2,Robin Hayes,4,18.96
2007-2,Rodney Moeller,2,14.98
2007-2,Roger Quintanilla,3,12.97
2007-2,Roland South,2,1.98
2007-2,Ron Deluca,3,17.97
2007-2,Ronnie Ricketts,7,25.93
2007-2,Rosa Reynolds,4,15.96
2007-2,Rose Howard,2,12.98
2007-2,Rosemary Schmidt,6,31.94
2007-2,Ross Grey,1,0.99
2007-2,Roy Whiting,5,22.95
2007-2,Ruben Geary,2,13.98
2007-2,Ruby Washington,3,8.97
2007-2,Russell Brinson,8,27.92
2007-2,Ruth Martinez,3,8.97
2007-2,Ryan Salisbury,5,31.95
2007-2,Sally Pierce,3,15.97
2007-2,Salvador Teel,2,10.98
2007-2,Samantha Duncan,5,14.95
2007-2,Sam Mcduffie,1,3.99
2007-2,Samuel Marlow,6,18.94
2007-2,Sandra Martin,5,25.95
2007-2,Sarah Lewis,5,16.95
2007-2,Sara Perry,6,14.94
2007-2,Sean Douglass,4,17.96
2007-2,Sergio Stanfield,4,15.96
2007-2,Seth Hannon,5,30.95
2007-2,Shane Millard,2,9.98
2007-2,Shannon Freeman,5,14.95
2007-2,Sharon Robinson,4,14.96
2007-2,Shawn Heaton,5,25.95
2007-2,Sheila Wells,1,1.99
2007-2,Sherry Marshall,3,16.97
2007-2,Shirley Allen,8,30.92
2007-2,Sidney Burleson,3,12.97
2007-2,Stacey Montgomery,2,15.98
2007-2,Stacy Cunningham,2,5.98
2007-2,Stanley Scroggins,4,15.96
2007-2,Stella Moreno,1,5.99
2007-2,Stephanie Mitchell,2,12.98
2007-2,Steve Mackenzie,3,11.97
2007-2,Sue Peters,8,31.92
2007-2,Susan Wilson,3,13.97
2007-2,Suzanne Nichols,4,12.96
2007-2,Sylvia Ortiz,6,29.94
2007-2,Tamara Nguyen,4,14.96
2007-2,Tammy Sanders,5,29.95
2007-2,Tanya Gilbert,5,12.95
2007-2,Tara Ryan,4,18.96
2007-2,Ted Breaux,4,18.96
2007-2,Teresa Rogers,4,19.96
2007-2,Terrance Roush,5,24.95
2007-2,Terrence Gunderson,2,7.98
2007-2,Terri Vasquez,3,11.97
2007-2,Terry Carlson,6,29.94
2007-2,Terry Grissom,2,3.98
2007-2,Thelma Murray,7,25.93
2007-2,Theodore Culp,6,20.94
2007-2,Theresa Watson,1,4.99
2007-2,Tiffany Jordan,1,8.99
2007-2,Tim Cary,6,23.94
2007-2,Tina Simmons,3,14.97
2007-2,Todd Tan,5,16.95
2007-2,Tom Milner,7,22.93
2007-2,Tommy Collazo,7,25.93
2007-2,Tonya Chapman,4,19.96
2007-2,Tracy Cole,5,24.95
2007-2,Tracy Herrmann,5,30.95
2007-2,Travis Estep,1,3.99
2007-2,Troy Quigley,1,9.99
2007-2,Tyler Wren,1,2.99
2007-2,Tyrone Asher,5,18.95
2007-2,Valerie Black,7,32.93
2007-2,Vera Mccoy,3,4.97
2007-2,Vernon Chapa,3,14.97
2007-2,Veronica Stone,4,21.96
2007-2,Vickie Brewer,3,17.97
2007-2,Vicki Fields,5,25.95
2007-2,Victor Barkley,5,15.95
2007-2,Victoria Gibson,6,20.94
2007-2,Vincent Ralston,3,20.97
2007-2,Viola Hanson,3,16.97
2007-2,Virgil Wofford,3,11.97
2007-2,Virginia Green,6,17.94
2007-2,Vivian Ruiz,2,3.98
2007-2,Wade Delvalle,1,2.99
2007-2,Wallace Slone,4,17.96
2007-2,Wanda Patterson,5,25.95
2007-2,Warren Sherrod,3,20.97
2007-2,Wayne Truong,1,6.99
2007-2,Wendy Harrison,3,10.97
2007-2,Wesley Bull,2,10.98
2007-2,Willard Lumpkin,3,14.97
2007-2,Willie Howell,2,4.98
2007-2,Willie Markham,4,12.96
2007-2,Wilma Richards,4,14.96
2007-2,Yolanda Weaver,5,19.95
2007-2,Yvonne Watkins,4,16.96
2007-2,Zachary Hite,6,23.94
2007-3,Aaron Selby,12,51.88
2007-3,Adam Gooch,8,49.92
2007-3,Adrian Clary,5,12.95
2007-3,Agnes Bishop,9,37.91
2007-3,Alan Kahn,10,49.90
2007-3,Albert Crouse,7,28.93
2007-3,Alberto Henning,7,21.93
2007-3,Alexander Fennell,15,67.85
2007-3,Alex Gresham,11,44.89
2007-3,Alfred Casillas,8,33.92
2007-3,Alfredo Mcadams,7,36.93
2007-3,Alice Stewart,16,61.84
2007-3,Alicia Mills,11,37.89
2007-3,Allan Cornish,6,26.94
2007-3,Allen Butterfield,8,43.92
2007-3,Allison Stanley,4,13.96
2007-3,Alma Austin,8,27.92
2007-3,Alvin Deloach,11,36.89
2007-3,Amanda Carter,11,47.89
2007-3,Amber Dixon,11,46.89
2007-3,Amy Lopez,7,37.93
2007-3,Ana Bradley,16,71.84
2007-3,Andrea Henderson,12,55.88
2007-3,Andre Rapp,12,53.88
2007-3,Andrew Purdy,9,37.91
2007-3,Andy Vanhorn,10,43.90
2007-3,Angela Hernandez,16,68.84
2007-3,Angel Barclay,15,48.85
2007-3,Anita Morales,7,31.93
2007-3,Anna Hill,9,37.91
2007-3,Anne Powell,7,25.93
2007-3,Annette Olson,9,41.91
2007-3,Ann Evans,4,11.96
2007-3,Annie Russell,3,8.97
2007-3,Anthony Schwab,4,7.96
2007-3,Antonio Meek,5,19.95
2007-3,April Burns,10,26.90
2007-3,Arlene Harvey,6,22.94
2007-3,Armando Gruber,6,23.94
2007-3,Arnold Havens,9,46.91
2007-3,Arthur Simpkins,12,49.88
2007-3,Ashley Richardson,10,46.90
2007-3,Audrey Ray,8,36.92
2007-3,Austin Cintron,7,27.93
2007-3,Barbara Jones,11,42.89
2007-3,Barry Lovelace,9,47.91
2007-3,Beatrice Arnold,9,42.91
2007-3,Becky Miles,10,38.90
2007-3,Ben Easter,5,21.95
2007-3,Benjamin Varney,9,33.91
2007-3,Bernard Colby,8,30.92
2007-3,Bernice Willis,13,58.87
2007-3,Bertha Ferguson,10,37.90
2007-3,Bessie Morrison,10,44.90
2007-3,Beth Franklin,7,27.93
2007-3,Betty White,9,35.91
2007-3,Beverly Brooks,9,33.91
2007-3,Bill Gavin,9,43.91
2007-3,Billie Horton,12,33.88
2007-3,Billy Poulin,10,52.90
2007-3,Bobbie Craig,10,29.90
2007-3,Bobby Boudreau,13,44.87
2007-3,Bob Pfeiffer,12,41.88
2007-3,Bonnie Hughes,6,25.94
2007-3,Bradley Motley,10,39.90
2007-3,Brad Mccurdy,7,26.93
2007-3,Brandon Huey,13,51.87
2007-3,Brandy Graves,12,48.88
2007-3,Brenda Wright,4,19.96
2007-3,Brent Harkins,9,45.91
2007-3,Brett Cornwell,12,46.88
2007-3,Brian Wyman,1,2.99
2007-3,Brittany Riley,9,63.91
2007-3,Bruce Schwarz,6,29.94
2007-3,Bryan Hardison,10,38.90
2007-3,Byron Box,9,25.91
2007-3,Calvin Martel,10,45.90
2007-3,Carla Gutierrez,9,40.91
2007-3,Carl Artis,6,33.94
2007-3,Carlos Coughlin,12,47.88
2007-3,Carmen Owens,9,38.91
2007-3,Carole Barnett,16,59.84
2007-3,Carol Garcia,6,18.94
2007-3,Caroline Bowman,5,13.95
2007-3,Carolyn Perez,7,30.93
2007-3,Carrie Porter,13,48.87
2007-3,Casey Mena,10,41.90
2007-3,Cassandra Walters,10,45.90
2007-3,Catherine Campbell,16,65.84
2007-3,Cathy Spencer,10,43.90
2007-3,Cecil Vines,13,62.87
2007-3,Chad Carbone,10,43.90
2007-3,Charlene Alvarez,12,48.88
2007-3,Charles Kowalski,13,58.87
2007-3,Charlie Bess,8,32.92
2007-3,Charlotte Hunter,8,33.92
2007-3,Cheryl Murphy,10,47.90
2007-3,Chester Benner,7,34.93
2007-3,Chris Brothers,8,28.92
2007-3,Christian Jung,9,36.91
2007-3,Christina Ramirez,9,43.91
2007-3,Christine Roberts,7,32.93
2007-3,Christopher Greco,9,36.91
2007-3,Christy Vargas,10,41.90
2007-3,Cindy Fisher,9,34.91
2007-3,Clara Shaw,16,72.84
2007-3,Clarence Gamez,8,22.92
2007-3,Claude Herzog,7,28.93
2007-3,Claudia Fuller,13,53.87
2007-3,Clayton Barbee,11,37.89
2007-3,Clifford Bowens,12,44.88
2007-3,Clifton Malcolm,12,44.88
2007-3,Clinton Buford,7,28.93
2007-3,Clyde Tobias,8,36.92
2007-3,Cody Nolen,10,45.90
2007-3,Colleen Burton,5,15.95
2007-3,Connie Wallace,8,34.92
2007-3,Constance Reid,7,18.93
2007-3,Corey Hauser,9,37.91
2007-3,Cory Meehan,10,43.90
2007-3,Courtney Day,6,18.94
2007-3,Craig Morrell,11,50.89
2007-3,Crystal Ford,7,32.93
2007-3,Curtis Irby,17,86.83
2007-3,Cynthia Young,10,36.90
2007-3,Daisy Bates,8,35.92
2007-3,Dale Ratcliff,13,50.87
2007-3,Dana Hart,10,38.90
2007-3,Daniel Cabral,5,26.95
2007-3,Danielle Daniels,16,68.84
2007-3,Danny Isom,8,33.92
2007-3,Dan Paine,7,21.93
2007-3,Darlene Rose,10,48.90
2007-3,Darrell Power,10,42.90
2007-3,Darren Windham,13,51.87
2007-3,Darryl Ashcraft,8,31.92
2007-3,Daryl Larue,9,31.91
2007-3,Dave Gardiner,17,72.83
2007-3,David Royal,7,26.93
2007-3,Dawn Sullivan,9,32.91
2007-3,Deanna Byrd,9,37.91
2007-3,Dean Sauer,12,55.88
2007-3,Debbie Reyes,17,64.83
2007-3,Deborah Walker,9,30.91
2007-3,Debra Nelson,8,40.92
2007-3,Delores Hansen,3,8.97
2007-3,Denise Kelly,12,35.88
2007-3,Dennis Gilman,10,37.90
2007-3,Derek Blakely,14,52.86
2007-3,Derrick Bourque,6,33.94
2007-3,Diana Alexander,8,33.92
2007-3,Diane Collins,9,51.91
2007-3,Dianne Shelton,14,66.86
2007-3,Dolores Wagner,9,37.91
2007-3,Donald Mahon,9,38.91
2007-3,Don Bone,9,47.91
2007-3,Donna Thompson,6,22.94
2007-3,Dora Medina,6,20.94
2007-3,Doris Reed,7,28.93
2007-3,Dorothy Taylor,8,32.92
2007-3,Douglas Graf,7,20.93
2007-3,Duane Tubbs,14,69.86
2007-3,Dustin Gillette,12,42.88
2007-3,Dwayne Olvera,12,56.88
2007-3,Dwight Lombardi,10,42.90
2007-3,Earl Shanks,10,44.90
2007-3,Eddie Tomlin,10,52.90
2007-3,Edgar Rhoads,5,24.95
2007-3,Edith Mcdonald,10,36.90
2007-3,Edna West,6,26.94
2007-3,Eduardo Hiatt,3,18.97
2007-3,Edward Baugh,11,44.89
2007-3,Edwin Burk,5,22.95
2007-3,Eileen Carr,6,19.94
2007-3,Elaine Stevens,11,53.89
2007-3,Eleanor Hunt,18,87.82
2007-3,Elizabeth Brown,13,53.87
2007-3,Ella Oliver,10,56.90
2007-3,Ellen Simpson,11,50.89
2007-3,Elmer Noe,7,16.93
2007-3,Elsie Kelley,16,70.84
2007-3,Emily Diaz,5,24.95
2007-3,Emma Boyd,9,40.91
2007-3,Enrique Forsythe,13,46.87
2007-3,Erica Matthews,8,28.92
2007-3,Eric Robert,9,34.91
2007-3,Erika Pena,11,45.89
2007-3,Erik Guillen,12,57.88
2007-3,Erin Dunn,15,66.85
2007-3,Ernest Stepp,6,23.94
2007-3,Esther Crawford,8,30.92
2007-3,Ethel Webb,11,45.89
2007-3,Eugene Culpepper,6,25.94
2007-3,Eva Ramos,7,37.93
2007-3,Evelyn Morgan,6,28.94
2007-3,Everett Banda,12,55.88
2007-3,Felicia Sutton,6,17.94
2007-3,Felix Gaffney,8,19.92
2007-3,Fernando Churchill,8,46.92
2007-3,Florence Woods,5,25.95
2007-3,Floyd Gandy,9,42.91
2007-3,Frances Parker,6,26.94
2007-3,Francisco Skidmore,10,35.90
2007-3,Francis Sikes,7,23.93
2007-3,Franklin Troutman,11,36.89
2007-3,Frank Waggoner,10,45.90
2007-3,Freddie Duggan,11,46.89
2007-3,Frederick Isbell,3,12.97
2007-3,Fred Wheat,7,21.93
2007-3,Gabriel Harder,10,45.90
2007-3,Gail Knight,7,27.93
2007-3,Gary Coy,8,38.92
2007-3,Gene Sanborn,3,10.97
2007-3,George Linton,11,45.89
2007-3,Georgia Jacobs,11,50.89
2007-3,Gerald Fultz,13,56.87
2007-3,Geraldine Perkins,12,45.88
2007-3,Gertrude Castillo,12,56.88
2007-3,Gilbert Sledge,8,25.92
2007-3,Gina Williamson,5,19.95
2007-3,Gladys Hamilton,10,51.90
2007-3,Glenda Frazier,14,59.86
2007-3,Glenn Pullen,9,39.91
2007-3,Glen Talbert,7,24.93
2007-3,Gloria Cook,12,58.88
2007-3,Gordon Allard,11,50.89
2007-3,Grace Ellis,10,39.90
2007-3,Gregory Mauldin,6,16.94
2007-3,Greg Robins,10,52.90
2007-3,Guy Brownlee,13,63.87
2007-3,Gwendolyn May,8,29.92
2007-3,Harold Martino,17,69.83
2007-3,Harry Arce,13,56.87
2007-3,Harvey Guajardo,6,20.94
2007-3,Hazel Warren,13,43.87
2007-3,Heather Morris,10,37.90
2007-3,Hector Poindexter,11,68.89
2007-3,Heidi Larson,12,44.88
2007-3,Helen Harris,18,79.82
2007-3,Henry Billingsley,7,25.93
2007-3,Herbert Kruger,3,8.97
2007-3,Herman Devore,11,37.89
2007-3,Hilda Hopkins,11,60.89
2007-3,Holly Fox,14,55.86
2007-3,Howard Fortner,9,27.91
2007-3,Hugh Waldrop,9,34.91
2007-3,Ian Still,8,21.92
2007-3,Ida Andrews,7,25.93
2007-3,Irene Price,6,35.94
2007-3,Irma Pearson,7,30.93
2007-3,Isaac Oglesby,12,61.88
2007-3,Ivan Cromwell,3,12.97
2007-3,Jack Foust,7,26.93
2007-3,Jackie Lynch,6,20.94
2007-3,Jacob Lance,6,28.94
2007-3,Jacqueline Long,13,56.87
2007-3,Jaime Nettles,13,66.87
2007-3,James Gannon,9,38.91
2007-3,Jamie Rice,13,63.87
2007-3,Jamie Waugh,8,42.92
2007-3,Jane Bennett,10,42.90
2007-3,Janet Phillips,12,68.88
2007-3,Janice Ward,13,48.87
2007-3,Jared Ely,6,22.94
2007-3,Jason Morrissey,7,35.93
2007-3,Javier Elrod,15,63.85
2007-3,Jay Robb,10,34.90
2007-3,Jean Bell,11,58.89
2007-3,Jeanette Greene,2,7.98
2007-3,Jeanne Lawson,8,53.92
2007-3,Jeff East,17,52.83
2007-3,Jeffery Pinson,13,63.87
2007-3,Jeffrey Spear,11,40.89
2007-3,Jennie Terry,9,45.91
2007-3,Jennifer Davis,12,48.88
2007-3,Jenny Castro,4,13.96
2007-3,Jeremy Hurtado,10,44.90
2007-3,Jerome Kenyon,6,26.94
2007-3,Jerry Jordon,11,47.89
2007-3,Jesse Schilling,11,42.89
2007-3,Jessica Hall,12,57.88
2007-3,Jessie Banks,10,24.90
2007-3,Jessie Milam,10,51.90
2007-3,Jesus Mccartney,8,38.92
2007-3,Jill Hawkins,5,17.95
2007-3,Jimmie Eggleston,8,36.92
2007-3,Jimmy Schrader,13,45.87
2007-3,Jim Rea,16,60.84
2007-3,Joan Cooper,9,36.91
2007-3,Joanne Robertson,15,76.85
2007-3,Joann Gardner,2,8.98
2007-3,Joe Gilliland,11,64.89
2007-3,Joel Francisco,9,35.91
2007-3,Jo Fowler,7,29.93
2007-3,John Farnsworth,11,58.89
2007-3,Johnnie Chisholm,7,25.93
2007-3,Johnny Turpin,6,16.94
2007-3,Jonathan Scarborough,9,28.91
2007-3,Jon Wiles,9,31.91
2007-3,Jordan Archuleta,11,56.89
2007-3,Jorge Olivares,14,50.86
2007-3,Jose Andrew,6,17.94
2007-3,Josephine Gomez,14,67.86
2007-3,Joseph Joy,7,29.93
2007-3,Joshua Mark,9,39.91
2007-3,Joyce Edwards,6,22.94
2007-3,Joy George,10,38.90
2007-3,Juan Fraley,9,29.91
2007-3,Juanita Mason,10,35.90
2007-3,Judith Cox,7,21.93
2007-3,Judy Gray,9,32.91
2007-3,Julia Flores,7,24.93
2007-3,Julian Vest,7,27.93
2007-3,Julie Sanchez,11,38.89
2007-3,Julio Noland,9,38.91
2007-3,June Carroll,12,52.88
2007-3,Justin Ngo,8,33.92
2007-3,Karen Jackson,10,49.90
2007-3,Karl Seal,13,76.87
2007-3,Katherine Rivera,7,24.93
2007-3,Kathleen Adams,11,48.89
2007-3,Kathryn Coleman,8,32.92
2007-3,Kathy James,7,31.93
2007-3,Katie Elliott,10,38.90
2007-3,Kay Caldwell,7,28.93
2007-3,Keith Rico,7,20.93
2007-3,Kelly Knott,9,37.91
2007-3,Kelly Torres,8,41.92
2007-3,Kenneth Gooden,5,16.95
2007-3,Ken Prewitt,9,32.91
2007-3,Kent Arsenault,9,49.91
2007-3,Kevin Schuler,7,42.93
2007-3,Kimberly Lee,9,33.91
2007-3,Kim Cruz,6,27.94
2007-3,Kirk Stclair,9,22.91
2007-3,Kristen Chavez,6,28.94
2007-3,Kristina Chambers,7,26.93
2007-3,Kristin Johnston,14,53.86
2007-3,Kurt Emmons,9,36.91
2007-3,Kyle Spurlock,9,36.91
2007-3,Lance Pemberton,7,23.93
2007-3,Larry Thrasher,13,58.87
2007-3,Laura Rodriguez,10,54.90
2007-3,Lauren Hudson,4,12.96
2007-3,Laurie Lawrence,10,52.90
2007-3,Lawrence Lawton,13,42.87
2007-3,Leah Curtis,12,44.88
2007-3,Lee Hawks,8,40.92
2007-3,Lena Jensen,16,75.84
2007-3,Leo Ebert,10,48.90
2007-3,Leona Obrien,2,4.98
2007-3,Leonard Schofield,12,43.88
2007-3,Leon Bostic,12,54.88
2007-3,Leroy Bustamante,9,24.91
2007-3,Leslie Gordon,6,32.94
2007-3,Leslie Seward,13,48.87
2007-3,Lester Kraus,4,13.96
2007-3,Lewis Lyman,6,25.94
2007-3,Lillian Griffin,9,35.91
2007-3,Lillie Kim,6,19.94
2007-3,Linda Williams,7,35.93
2007-3,Lisa Anderson,8,28.92
2007-3,Lloyd Dowd,8,27.92
2007-3,Lois Butler,10,29.90
2007-3,Lonnie Tirado,6,20.94
2007-3,Loretta Carpenter,6,35.94
2007-3,Lori Wood,14,70.86
2007-3,Lorraine Stephens,6,24.94
2007-3,Louise Jenkins,8,38.92
2007-3,Louis Leone,14,71.86
2007-3,Lucille Holmes,10,45.90
2007-3,Lucy Wheeler,5,21.95
2007-3,Luis Yanez,4,11.96
2007-3,Lydia Burke,7,18.93
2007-3,Lynn Payne,10,50.90
2007-3,Mabel Holland,12,53.88
2007-3,Mae Fletcher,11,60.89
2007-3,Manuel Murrell,12,46.88
2007-3,Marcia Dean,10,53.90
2007-3,Marc Outlaw,13,61.87
2007-3,Marcus Hidalgo,14,51.86
2007-3,Margaret Moore,8,31.92
2007-3,Margie Wade,11,49.89
2007-3,Maria Miller,12,59.88
2007-3,Marian Mendoza,6,30.94
2007-3,Marie Turner,6,26.94
2007-3,Marilyn Ross,14,56.86
2007-3,Mario Cheatham,7,25.93
2007-3,Marion Ocampo,8,29.92
2007-3,Marion Snyder,12,58.88
2007-3,Marjorie Tucker,12,43.88
2007-3,Mark Rinehart,9,32.91
2007-3,Marlene Welch,8,39.92
2007-3,Marsha Douglas,14,47.86
2007-3,Marshall Thorn,5,18.95
2007-3,Martha Gonzalez,11,45.89
2007-3,Martin Bales,10,38.90
2007-3,Marvin Yee,11,33.89
2007-3,Mary Smith,11,31.89
2007-3,Mathew Bolin,5,18.95
2007-3,Matthew Mahan,10,32.90
2007-3,Mattie Hoffman,6,20.94
2007-3,Maureen Little,10,37.90
2007-3,Maurice Crawley,12,51.88
2007-3,Maxine Silva,12,37.88
2007-3,Max Pitt,4,13.96
2007-3,Megan Palmer,10,37.90
2007-3,Melanie Armstrong,12,43.88
2007-3,Melinda Fernandez,7,33.93
2007-3,Melissa King,11,36.89
2007-3,Melvin Ellington,13,56.87
2007-3,Michael Silverman,11,45.89
2007-3,Micheal Forman,14,66.86
2007-3,Michele Grant,10,45.90
2007-3,Michelle Clark,17,79.83
2007-3,Miguel Betancourt,10,54.90
2007-3,Mike Way,15,64.85
2007-3,Mildred Bailey,10,40.90
2007-3,Milton Howland,7,40.93
2007-3,Minnie Romero,11,35.89
2007-3,Miriam Mckinney,10,48.90
2007-3,Misty Lambert,6,27.94
2007-3,Mitchell Westmoreland,14,53.86
2007-3,Monica Hicks,13,47.87
2007-3,Morris Mccarter,8,31.92
2007-3,Myrtle Fleming,11,52.89
2007-3,Nancy Thomas,7,26.93
2007-3,Naomi Jennings,16,69.84
2007-3,Natalie Meyer,9,35.91
2007-3,Nathaniel Adam,12,50.88
2007-3,Nathan Runyon,6,25.94
2007-3,Neil Renner,14,69.86
2007-3,Nellie Garrett,7,32.93
2007-3,Nelson Christenson,6,17.94
2007-3,Nicholas Barfield,11,63.89
2007-3,Nicole Peterson,7,24.93
2007-3,Nina Soto,9,42.91
2007-3,Nora Herrera,17,71.83
2007-3,Norma Gonzales,6,17.94
2007-3,Norman Currier,8,30.92
2007-3,Olga Jimenez,12,61.88
2007-3,Oscar Aquino,6,34.94
2007-3,Pamela Baker,12,43.88
2007-3,Patricia Johnson,11,44.89
2007-3,Patrick Newsom,14,52.86
2007-3,Patsy Davidson,12,45.88
2007-3,Paula Bryant,4,19.96
2007-3,Pauline Henry,8,26.92
2007-3,Paul Trout,7,34.93
2007-3,Pearl Garza,10,32.90
2007-3,Pedro Chestnut,7,25.93
2007-3,Peggy Myers,9,30.91
2007-3,Penny Neal,7,25.93
2007-3,Perry Swafford,6,27.94
2007-3,Peter Menard,9,38.91
2007-3,Philip Causey,11,34.89
2007-3,Phillip Holm,10,43.90
2007-3,Phyllis Foster,12,48.88
2007-3,Priscilla Lowe,13,62.87
2007-3,Rachel Barnes,4,11.96
2007-3,Rafael Abney,7,21.93
2007-3,Ralph Madrigal,11,55.89
2007-3,Ramona Hale,10,45.90
2007-3,Ramon Choate,11,51.89
2007-3,Randall Neumann,7,28.93
2007-3,Randy Gaither,10,37.90
2007-3,Raul Fortier,6,31.94
2007-3,Ray Houle,7,21.93
2007-3,Raymond Mcwhorter,12,49.88
2007-3,Rebecca Scott,12,43.88
2007-3,Regina Berry,13,52.87
2007-3,Reginald Kinder,9,31.91
2007-3,Renee Lane,8,38.92
2007-3,Rene Mcalister,8,35.92
2007-3,Rhonda Kennedy,15,74.85
2007-3,Ricardo Meador,10,55.90
2007-3,Richard Mccrary,10,42.90
2007-3,Rick Mattox,7,27.93
2007-3,Ricky Shelby,11,32.89
2007-3,Rita Graham,8,23.92
2007-3,Roberta Harper,5,13.95
2007-3,Robert Baughman,5,22.95
2007-3,Roberto Vu,8,31.92
2007-3,Robin Hayes,5,11.95
2007-3,Rodney Moeller,5,23.95
2007-3,Roger Quintanilla,15,60.85
2007-3,Roland South,11,41.89
2007-3,Ronald Weiner,9,40.91
2007-3,Ron Deluca,6,29.94
2007-3,Ronnie Ricketts,10,44.90
2007-3,Rosa Reynolds,13,62.87
2007-3,Rose Howard,9,46.91
2007-3,Rosemary Schmidt,11,53.89
2007-3,Ross Grey,10,47.90
2007-3,Roy Whiting,8,46.92
2007-3,Ruben Geary,8,35.92
2007-3,Ruby Washington,12,41.88
2007-3,Russell Brinson,13,45.87
2007-3,Ruth Martinez,9,54.91
2007-3,Ryan Salisbury,8,44.92
2007-3,Sally Pierce,11,43.89
2007-3,Salvador Teel,13,58.87
2007-3,Samantha Duncan,11,33.89
2007-3,Sam Mcduffie,7,36.93
2007-3,Samuel Marlow,6,33.94
2007-3,Sandra Martin,10,48.90
2007-3,Sarah Lewis,8,25.92
2007-3,Sara Perry,12,48.88
2007-3,Scott Shelley,5,15.95
2007-3,Sean Douglass,11,49.89
2007-3,Sergio Stanfield,9,36.91
2007-3,Seth Hannon,4,17.96
2007-3,Shane Millard,9,34.91
2007-3,Shannon Freeman,8,36.92
2007-3,Sharon Robinson,13,45.87
2007-3,Shawn Heaton,12,59.88
2007-3,Sheila Wells,5,17.95
2007-3,Shelly Watts,11,51.89
2007-3,Sherri Rhodes,13,50.87
2007-3,Sherry Marshall,18,77.82
2007-3,Shirley Allen,10,45.90
2007-3,Sidney Burleson,9,35.91
2007-3,Sonia Gregory,8,41.92
2007-3,Stacey Montgomery,14,62.86
2007-3,Stacy Cunningham,9,43.91
2007-3,Stanley Scroggins,11,57.89
2007-3,Stella Moreno,11,48.89
2007-3,Stephanie Mitchell,7,31.93
2007-3,Stephen Qualls,9,28.91
2007-3,Steve Mackenzie,13,62.87
2007-3,Steven Curley,7,24.93
2007-3,Sue Peters,16,65.84
2007-3,Susan Wilson,8,35.92
2007-3,Suzanne Nichols,10,41.90
2007-3,Sylvia Ortiz,10,50.90
2007-3,Tamara Nguyen,7,27.93
2007-3,Tammy Sanders,11,39.89
2007-3,Tanya Gilbert,11,60.89
2007-3,Tara Ryan,8,27.92
2007-3,Ted Breaux,9,38.91
2007-3,Teresa Rogers,14,64.86
2007-3,Terrance Roush,8,23.92
2007-3,Terrence Gunderson,8,15.92
2007-3,Terri Vasquez,11,53.89
2007-3,Terry Carlson,11,52.89
2007-3,Terry Grissom,5,10.95
2007-3,Thelma Murray,8,32.92
2007-3,Theodore Culp,5,16.95
2007-3,Theresa Watson,16,46.84
2007-3,Thomas Grigsby,13,53.87
2007-3,Tiffany Jordan,4,17.96
2007-3,Tim Cary,14,71.86
2007-3,Timothy Bunn,8,30.92
2007-3,Tina Simmons,8,28.92
2007-3,Todd Tan,10,37.90
2007-3,Tom Milner,8,25.92
2007-3,Tommy Collazo,12,67.88
2007-3,Toni Holt,5,20.95
2007-3,Tonya Chapman,8,44.92
2007-3,Tony Carranza,9,25.91
2007-3,Tracey Barrett,12,68.88
2007-3,Tracy Cole,9,44.91
2007-3,Tracy Herrmann,10,49.90
2007-3,Travis Estep,13,48.87
2007-3,Troy Quigley,13,59.87
2007-3,Tyler Wren,9,46.91
2007-3,Tyrone Asher,10,53.90
2007-3,Valerie Black,7,28.93
2007-3,Vanessa Sims,8,38.92
2007-3,Velma Lucas,7,19.93
2007-3,Vera Mccoy,7,24.93
2007-3,Vernon Chapa,5,17.95
2007-3,Veronica Stone,13,47.87
2007-3,Vickie Brewer,10,39.90
2007-3,Vicki Fields,12,48.88
2007-3,Victor Barkley,7,29.93
2007-3,Victoria Gibson,10,43.90
2007-3,Vincent Ralston,10,34.90
2007-3,Viola Hanson,12,45.88
2007-3,Violet Rodriquez,12,54.88
2007-3,Virgil Wofford,8,27.92
2007-3,Virginia Green,8,31.92
2007-3,Vivian Ruiz,9,39.91
2007-3,Wade Delvalle,5,15.95
2007-3,Wallace Slone,9,40.91
2007-3,Walter Perryman,11,42.89
2007-3,Wanda Patterson,10,44.90
2007-3,Warren Sherrod,12,56.88
2007-3,Wayne Truong,10,35.90
2007-3,Wendy Harrison,8,21.92
2007-3,Wesley Bull,15,66.85
2007-3,Willard Lumpkin,6,31.94
2007-3,William Satterfield,9,30.91
2007-3,Willie Howell,7,25.93
2007-3,Willie Markham,8,27.92
2007-3,Wilma Richards,9,35.91
2007-3,Yolanda Weaver,12,49.88
2007-3,Yvonne Watkins,8,31.92
2007-3,Zachary Hite,7,29.93
2007-4,Aaron Selby,5,22.95
2007-4,Adam Gooch,11,46.89
2007-4,Adrian Clary,11,49.89
2007-4,Agnes Bishop,9,33.91
2007-4,Alan Kahn,12,55.88
2007-4,Albert Crouse,9,43.91
2007-4,Alberto Henning,8,23.92
2007-4,Alexander Fennell,12,45.88
2007-4,Alex Gresham,11,45.89
2007-4,Alfred Casillas,13,58.87
2007-4,Alfredo Mcadams,11,40.89
2007-4,Alice Stewart,12,58.88
2007-4,Alicia Mills,6,25.94
2007-4,Allan Cornish,6,29.94
2007-4,Allen Butterfield,7,26.93
2007-4,Allison Stanley,15,54.85
2007-4,Alma Austin,15,68.85
2007-4,Alvin Deloach,13,66.87
2007-4,Amanda Carter,11,40.89
2007-4,Amber Dixon,12,51.88
2007-4,Amy Lopez,15,58.85
2007-4,Ana Bradley,12,72.88
2007-4,Andrea Henderson,6,23.94
2007-4,Andre Rapp,8,30.92
2007-4,Andrew Purdy,13,51.87
2007-4,Andy Vanhorn,10,53.90
2007-4,Angela Hernandez,11,46.89
2007-4,Angel Barclay,10,41.90
2007-4,Anita Morales,6,24.94
2007-4,Anna Hill,8,29.92
2007-4,Anne Powell,8,26.92
2007-4,Annette Olson,11,46.89
2007-4,Ann Evans,8,44.92
2007-4,Annie Russell,12,40.88
2007-4,Anthony Schwab,11,39.89
2007-4,Antonio Meek,7,33.93
2007-4,April Burns,10,41.90
2007-4,Arlene Harvey,17,80.83
2007-4,Armando Gruber,7,22.93
2007-4,Arnold Havens,19,97.81
2007-4,Arthur Simpkins,15,83.85
2007-4,Ashley Richardson,14,64.86
2007-4,Audrey Ray,14,57.86
2007-4,Austin Cintron,7,29.93
2007-4,Barbara Jones,5,21.95
2007-4,Barry Lovelace,14,54.86
2007-4,Beatrice Arnold,12,56.88
2007-4,Becky Miles,11,40.89
2007-4,Ben Easter,10,46.90
2007-4,Benjamin Varney,8,35.92
2007-4,Bernard Colby,12,47.88
2007-4,Bernice Willis,14,70.86
2007-4,Bertha Ferguson,9,34.91
2007-4,Bessie Morrison,12,58.88
2007-4,Beth Franklin,13,55.87
2007-4,Betty White,12,50.88
2007-4,Beverly Brooks,10,46.90
2007-4,Bill Gavin,7,27.93
2007-4,Billie Horton,9,37.91
2007-4,Billy Poulin,12,46.88
2007-4,Bobbie Craig,9,22.91
2007-4,Bobby Boudreau,14,37.86
2007-4,Bob Pfeiffer,9,37.91
2007-4,Bonnie Hughes,11,44.89
2007-4,Bradley Motley,11,65.89
2007-4,Brad Mccurdy,12,50.88
2007-4,Brandon Huey,20,85.80
2007-4,Brandy Graves,11,45.89
2007-4,Brenda Wright,11,48.89
2007-4,Brent Harkins,8,42.92
2007-4,Brett Cornwell,15,73.85
2007-4,Brian Wyman,6,24.94
2007-4,Brittany Riley,11,63.89
2007-4,Bruce Schwarz,10,44.90
2007-4,Bryan Hardison,11,54.89
2007-4,Byron Box,15,70.85
2007-4,Calvin Martel,10,46.90
2007-4,Carla Gutierrez,13,52.87
2007-4,Carl Artis,11,58.89
2007-4,Carlos Coughlin,6,30.94
2007-4,Carmen Owens,9,29.91
2007-4,Carole Barnett,9,32.91
2007-4,Carol Garcia,9,33.91
2007-4,Caroline Bowman,6,18.94
2007-4,Carolyn Perez,16,61.84
2007-4,Carrie Porter,15,55.85
2007-4,Casey Mena,18,71.82
2007-4,Cassandra Walters,9,46.91
2007-4,Catherine Campbell,8,32.92
2007-4,Cathy Spencer,11,40.89
2007-4,Cecil Vines,9,36.91
2007-4,Chad Carbone,13,39.87
2007-4,Charlene Alvarez,12,59.88
2007-4,Charles Kowalski,15,60.85
2007-4,Charlie Bess,11,56.89
2007-4,Charlotte Hunter,8,31.92
2007-4,Cheryl Murphy,11,60.89
2007-4,Chester Benner,11,35.89
2007-4,Chris Brothers,10,38.90
2007-4,Christian Jung,7,25.93
2007-4,Christina Ramirez,7,26.93
2007-4,Christine Roberts,12,47.88
2007-4,Christopher Greco,16,76.84
2007-4,Christy Vargas,12,36.88
2007-4,Cindy Fisher,12,48.88
2007-4,Clara Shaw,18,93.82
2007-4,Clarence Gamez,12,45.88
2007-4,Claude Herzog,11,56.89
2007-4,Claudia Fuller,3,14.97
2007-4,Clayton Barbee,8,28.92
2007-4,Clifford Bowens,11,50.89
2007-4,Clifton Malcolm,11,52.89
2007-4,Clinton Buford,12,40.88
2007-4,Clyde Tobias,18,63.82
2007-4,Cody Nolen,6,29.94
2007-4,Colleen Burton,12,44.88
2007-4,Connie Wallace,11,50.89
2007-4,Constance Reid,14,57.86
2007-4,Corey Hauser,8,43.92
2007-4,Cory Meehan,9,26.91
2007-4,Courtney Day,16,72.84
2007-4,Craig Morrell,11,35.89
2007-4,Crystal Ford,21,84.79
2007-4,Curtis Irby,14,54.86
2007-4,Cynthia Young,14,51.86
2007-4,Daisy Bates,19,88.81
2007-4,Dale Ratcliff,11,49.89
2007-4,Dana Hart,14,68.86
2007-4,Daniel Cabral,8,41.92
2007-4,Danielle Daniels,4,17.96
2007-4,Danny Isom,8,30.92
2007-4,Dan Paine,10,58.90
2007-4,Darlene Rose,18,57.82
2007-4,Darrell Power,10,30.90
2007-4,Darren Windham,7,33.93
2007-4,Darryl Ashcraft,10,34.90
2007-4,Daryl Larue,14,65.86
2007-4,Dave Gardiner,8,27.92
2007-4,David Royal,12,52.88
2007-4,Dawn Sullivan,10,48.90
2007-4,Deanna Byrd,7,28.93
2007-4,Dean Sauer,9,29.91
2007-4,Debbie Reyes,11,41.89
2007-4,Deborah Walker,12,39.88
2007-4,Debra Nelson,15,73.85
2007-4,Delores Hansen,11,46.89
2007-4,Denise Kelly,10,47.90
2007-4,Dennis Gilman,10,40.90
2007-4,Derek Blakely,11,26.89
2007-4,Derrick Bourque,9,39.91
2007-4,Diana Alexander,12,49.88
2007-4,Diane Collins,17,80.83
2007-4,Dianne Shelton,9,42.91
2007-4,Dolores Wagner,9,33.91
2007-4,Donald Mahon,7,24.93
2007-4,Don Bone,14,65.86
2007-4,Donna Thompson,9,43.91
2007-4,Dora Medina,8,47.92
2007-4,Doris Reed,7,36.93
2007-4,Dorothy Taylor,11,45.89
2007-4,Douglas Graf,9,54.91
2007-4,Duane Tubbs,13,60.87
2007-4,Dustin Gillette,10,31.90
2007-4,Dwayne Olvera,4,16.96
2007-4,Dwight Lombardi,6,29.94
2007-4,Earl Shanks,13,46.87
2007-4,Eddie Tomlin,9,40.91
2007-4,Edgar Rhoads,15,49.85
2007-4,Edith Mcdonald,5,26.95
2007-4,Edna West,8,26.92
2007-4,Eduardo Hiatt,14,65.86
2007-4,Edward Baugh,12,50.88
2007-4,Edwin Burk,12,56.88
2007-4,Eileen Carr,8,45.92
2007-4,Elaine Stevens,8,39.92
2007-4,Eleanor Hunt,22,100.78
2007-4,Elizabeth Brown,16,59.84
2007-4,Ella Oliver,18,73.82
2007-4,Ellen Simpson,13,48.87
2007-4,Elmer Noe,9,46.91
2007-4,Elsie Kelley,15,52.85
2007-4,Emily Diaz,15,56.85
2007-4,Emma Boyd,6,18.94
2007-4,Enrique Forsythe,6,21.94
2007-4,Erica Matthews,10,49.90
2007-4,Eric Robert,13,70.87
2007-4,Erika Pena,10,32.90
2007-4,Erik Guillen,13,53.87
2007-4,Erin Dunn,9,28.91
2007-4,Ernest Stepp,8,18.92
2007-4,Esther Crawford,14,44.86
2007-4,Ethel Webb,16,65.84
2007-4,Eugene Culpepper,8,20.92
2007-4,Eva Ramos,7,29.93
2007-4,Evelyn Morgan,15,49.85
2007-4,Everett Banda,12,41.88
2007-4,Felicia Sutton,17,50.83
2007-4,Felix Gaffney,10,26.90
2007-4,Fernando Churchill,12,51.88
2007-4,Florence Woods,14,61.86
2007-4,Floyd Gandy,3,7.97
2007-4,Frances Parker,10,47.90
2007-4,Francisco Skidmore,10,54.90
2007-4,Francis Sikes,17,67.83
2007-4,Franklin Troutman,4,17.96
2007-4,Frank Waggoner,13,52.87
2007-4,Freddie Duggan,8,27.92
2007-4,Frederick Isbell,9,45.91
2007-4,Fred Wheat,12,45.88
2007-4,Gabriel Harder,13,55.87
2007-4,Gail Knight,10,42.90
2007-4,Gary Coy,13,53.87
2007-4,Gene Sanborn,15,51.85
2007-4,George Linton,18,67.82
2007-4,Georgia Jacobs,11,36.89
2007-4,Gerald Fultz,13,50.87
2007-4,Geraldine Perkins,10,41.90
2007-4,Gertrude Castillo,15,58.85
2007-4,Gilbert Sledge,14,67.86
2007-4,Gina Williamson,12,51.88
2007-4,Gladys Hamilton,15,68.85
2007-4,Glenda Frazier,9,38.91
2007-4,Glenn Pullen,11,40.89
2007-4,Glen Talbert,12,58.88
2007-4,Gloria Cook,9,37.91
2007-4,Gordon Allard,17,96.83
2007-4,Grace Ellis,15,61.85
2007-4,Gregory Mauldin,15,55.85
2007-4,Greg Robins,9,48.91
2007-4,Guy Brownlee,11,44.89
2007-4,Gwendolyn May,12,51.88
2007-4,Harold Martino,12,45.88
2007-4,Harry Arce,12,51.88
2007-4,Harvey Guajardo,10,41.90
2007-4,Hazel Warren,16,52.84
2007-4,Heather Morris,7,31.93
2007-4,Hector Poindexter,14,46.86
2007-4,Heidi Larson,15,53.85
2007-4,Helen Harris,9,40.91
2007-4,Henry Billingsley,6,28.94
2007-4,Herbert Kruger,11,49.89
2007-4,Herman Devore,13,57.87
2007-4,Hilda Hopkins,13,43.87
2007-4,Holly Fox,8,26.92
2007-4,Howard Fortner,12,50.88
2007-4,Hugh Waldrop,9,48.91
2007-4,Ian Still,7,29.93
2007-4,Ida Andrews,11,34.89
2007-4,Irene Price,9,25.91
2007-4,Irma Pearson,7,23.93
2007-4,Isaac Oglesby,9,36.91
2007-4,Ivan Cromwell,14,44.86
2007-4,Jack Foust,13,50.87
2007-4,Jackie Lynch,15,62.85
2007-4,Jacob Lance,11,39.89
2007-4,Jacqueline Long,12,64.88
2007-4,Jaime Nettles,11,34.89
2007-4,James Gannon,12,45.88
2007-4,Jamie Rice,7,36.93
2007-4,Jamie Waugh,14,64.86
2007-4,Jane Bennett,8,20.92
2007-4,Janet Phillips,9,37.91
2007-4,Janice Ward,13,60.87
2007-4,Jared Ely,8,48.92
2007-4,Jason Morrissey,12,45.88
2007-4,Javier Elrod,11,48.89
2007-4,Jay Robb,7,26.93
2007-4,Jean Bell,9,38.91
2007-4,Jeanette Greene,9,39.91
2007-4,Jeanne Lawson,10,37.90
2007-4,Jeff East,10,45.90
2007-4,Jeffery Pinson,10,36.90
2007-4,Jeffrey Spear,6,24.94
2007-4,Jennie Terry,16,70.84
2007-4,Jennifer Davis,9,26.91
2007-4,Jenny Castro,15,64.85
2007-4,Jeremy Hurtado,10,38.90
2007-4,Jerome Kenyon,6,32.94
2007-4,Jerry Jordon,12,62.88
2007-4,Jesse Schilling,5,21.95
2007-4,Jessica Hall,13,46.87
2007-4,Jessie Banks,7,31.93
2007-4,Jessie Milam,13,58.87
2007-4,Jesus Mccartney,10,49.90
2007-4,Jill Hawkins,10,38.90
2007-4,Jimmie Eggleston,15,70.85
2007-4,Jimmy Schrader,13,50.87
2007-4,Jim Rea,7,37.93
2007-4,Joan Cooper,5,16.95
2007-4,Joanne Robertson,13,31.87
2007-4,Joann Gardner,10,38.90
2007-4,Joe Gilliland,12,45.88
2007-4,Joel Francisco,5,17.95
2007-4,Jo Fowler,7,19.93
2007-4,John Farnsworth,14,59.86
2007-4,Johnnie Chisholm,9,48.91
2007-4,Johnny Turpin,7,24.93
2007-4,Jonathan Scarborough,5,18.95
2007-4,Jon Wiles,9,45.91
2007-4,Jordan Archuleta,14,59.86
2007-4,Jorge Olivares,13,57.87
2007-4,Jose Andrew,12,46.88
2007-4,Josephine Gomez,9,31.91
2007-4,Joseph Joy,13,62.87
2007-4,Joshua Mark,12,52.88
2007-4,Joyce Edwards,13,69.87
2007-4,Joy George,15,58.85
2007-4,Juan Fraley,8,24.92
2007-4,Juanita Mason,14,57.86
2007-4,Judith Cox,20,60.80
2007-4,Judy Gray,11,47.89
2007-4,Julia Flores,17,68.83
2007-4,Julian Vest,15,64.85
2007-4,Julie Sanchez,12,48.88
2007-4,Julio Noland,9,42.91
2007-4,June Carroll,12,55.88
2007-4,Justin Ngo,19,67.81
2007-4,Karen Jackson,13,61.87
2007-4,Karl Seal,20,89.80
2007-4,Katherine Rivera,6,32.94
2007-4,Kathleen Adams,13,40.87
2007-4,Kathryn Coleman,11,64.89
2007-4,Kathy James,18,70.82
2007-4,Katie Elliott,6,27.94
2007-4,Kay Caldwell,6,36.94
2007-4,Keith Rico,12,42.88
2007-4,Kelly Knott,11,43.89
2007-4,Kelly Torres,8,30.92
2007-4,Kenneth Gooden,8,47.92
2007-4,Ken Prewitt,16,60.84
2007-4,Kent Arsenault,15,75.85
2007-4,Kevin Schuler,10,50.90
2007-4,Kimberly Lee,9,26.91
2007-4,Kim Cruz,11,37.89
2007-4,Kirk Stclair,6,23.94
2007-4,Kristen Chavez,5,25.95
2007-4,Kristina Chambers,15,53.85
2007-4,Kristin Johnston,8,35.92
2007-4,Kurt Emmons,10,41.90
2007-4,Kyle Spurlock,16,58.84
2007-4,Lance Pemberton,8,27.92
2007-4,Larry Thrasher,5,12.95
2007-4,Laura Rodriguez,7,31.93
2007-4,Lauren Hudson,7,32.93
2007-4,Laurie Lawrence,10,35.90
2007-4,Lawrence Lawton,10,29.90
2007-4,Leah Curtis,7,30.93
2007-4,Lee Hawks,13,62.87
2007-4,Lena Jensen,10,53.90
2007-4,Leo Ebert,7,23.93
2007-4,Leona Obrien,8,27.92
2007-4,Leonard Schofield,11,29.89
2007-4,Leon Bostic,8,41.92
2007-4,Leroy Bustamante,16,60.84
2007-4,Leslie Gordon,9,33.91
2007-4,Leslie Seward,10,46.90
2007-4,Lester Kraus,7,26.93
2007-4,Lewis Lyman,7,28.93
2007-4,Lillian Griffin,9,40.91
2007-4,Lillie Kim,13,55.87
2007-4,Linda Williams,13,68.87
2007-4,Lisa Anderson,11,53.89
2007-4,Lloyd Dowd,9,31.91
2007-4,Lois Butler,19,59.81
2007-4,Lonnie Tirado,8,47.92
2007-4,Loretta Carpenter,10,37.90
2007-4,Lori Wood,14,52.86
2007-4,Lorraine Stephens,12,49.88
2007-4,Louise Jenkins,9,31.91
2007-4,Louis Leone,17,73.83
2007-4,Lucille Holmes,15,55.85
2007-4,Lucy Wheeler,13,46.87
2007-4,Luis Yanez,12,52.88
2007-4,Lydia Burke,13,45.87
2007-4,Lynn Payne,13,56.87
2007-4,Mabel Holland,6,12.94
2007-4,Mae Fletcher,10,46.90
2007-4,Manuel Murrell,12,45.88
2007-4,Marcia Dean,20,73.80
2007-4,Marc Outlaw,12,43.88
2007-4,Marcus Hidalgo,8,27.92
2007-4,Margaret Moore,9,28.91
2007-4,Margie Wade,11,45.89
2007-4,Maria Miller,11,59.89
2007-4,Marian Mendoza,7,32.93
2007-4,Marie Turner,10,53.90
2007-4,Marilyn Ross,12,61.88
2007-4,Mario Cheatham,17,66.83
2007-4,Marion Ocampo,14,52.86
2007-4,Marion Snyder,18,85.82
2007-4,Marjorie Tucker,16,65.84
2007-4,Mark Rinehart,11,48.89
2007-4,Marlene Welch,12,51.88
2007-4,Marsha Douglas,18,88.82
2007-4,Marshall Thorn,12,68.88
2007-4,Martha Gonzalez,18,65.82
2007-4,Martin Bales,9,26.91
2007-4,Marvin Yee,6,20.94
2007-4,Mary Smith,12,50.88
2007-4,Mathew Bolin,12,55.88
2007-4,Matthew Mahan,15,58.85
2007-4,Mattie Hoffman,10,20.90
2007-4,Maureen Little,9,41.91
2007-4,Maurice Crawley,12,69.88
2007-4,Maxine Silva,13,55.87
2007-4,Max Pitt,16,68.84
2007-4,Megan Palmer,10,29.90
2007-4,Melanie Armstrong,8,31.92
2007-4,Melinda Fernandez,7,32.93
2007-4,Melissa King,19,73.81
2007-4,Melvin Ellington,7,21.93
2007-4,Michael Silverman,15,67.85
2007-4,Micheal Forman,10,29.90
2007-4,Michele Grant,14,55.86
2007-4,Michelle Clark,9,31.91
2007-4,Miguel Betancourt,10,43.90
2007-4,Mike Way,12,61.88
2007-4,Mildred Bailey,8,27.92
2007-4,Milton Howland,14,74.86
2007-4,Minnie Romero,12,48.88
2007-4,Miriam Mckinney,13,68.87
2007-4,Misty Lambert,16,74.84
2007-4,Mitchell Westmoreland,14,60.86
2007-4,Monica Hicks,12,49.88
2007-4,Morris Mccarter,15,63.85
2007-4,Myrtle Fleming,10,44.90
2007-4,Nancy Thomas,13,39.87
2007-4,Naomi Jennings,10,45.90
2007-4,Natalie Meyer,6,32.94
2007-4,Nathaniel Adam,11,57.89
2007-4,Nathan Runyon,18,68.82
2007-4,Neil Renner,14,69.86
2007-4,Nellie Garrett,9,42.91
2007-4,Nelson Christenson,9,41.91
2007-4,Nicholas Barfield,15,61.85
2007-4,Nicole Peterson,10,43.90
2007-4,Nina Soto,12,53.88
2007-4,Nora Herrera,5,20.95
2007-4,Norma Gonzales,7,28.93
2007-4,Norman Currier,12,32.88
2007-4,Olga Jimenez,12,46.88
2007-4,Oscar Aquino,8,36.92
2007-4,Pamela Baker,6,36.94
2007-4,Patricia Johnson,14,75.86
2007-4,Patrick Newsom,9,30.91
2007-4,Patsy Davidson,11,47.89
2007-4,Paula Bryant,9,43.91
2007-4,Pauline Henry,13,47.87
2007-4,Paul Trout,8,45.92
2007-4,Pearl Garza,9,27.91
2007-4,Pedro Chestnut,15,71.85
2007-4,Peggy Myers,13,54.87
2007-4,Penny Neal,9,30.91
2007-4,Perry Swafford,13,70.87
2007-4,Peter Menard,7,29.93
2007-4,Philip Causey,13,60.87
2007-4,Phillip Holm,11,44.89
2007-4,Phyllis Foster,6,21.94
2007-4,Priscilla Lowe,15,67.85
2007-4,Rachel Barnes,13,53.87
2007-4,Rafael Abney,7,39.93
2007-4,Ralph Madrigal,17,69.83
2007-4,Ramona Hale,12,54.88
2007-4,Ramon Choate,18,80.82
2007-4,Randall Neumann,10,44.90
2007-4,Randy Gaither,15,69.85
2007-4,Raul Fortier,10,46.90
2007-4,Ray Houle,7,33.93
2007-4,Raymond Mcwhorter,12,57.88
2007-4,Rebecca Scott,9,33.91
2007-4,Regina Berry,17,70.83
2007-4,Reginald Kinder,11,38.89
2007-4,Renee Lane,12,39.88
2007-4,Rene Mcalister,12,44.88
2007-4,Rhonda Kennedy,19,96.81
2007-4,Ricardo Meador,5,17.95
2007-4,Richard Mccrary,10,44.90
2007-4,Rick Mattox,11,60.89
2007-4,Ricky Shelby,10,43.90
2007-4,Rita Graham,10,44.90
2007-4,Roberta Harper,12,50.88
2007-4,Robert Baughman,10,48.90
2007-4,Roberto Vu,15,77.85
2007-4,Robin Hayes,13,69.87
2007-4,Rodney Moeller,15,58.85
2007-4,Roger Quintanilla,16,70.84
2007-4,Roland South,9,31.91
2007-4,Ronald Weiner,12,52.88
2007-4,Ron Deluca,13,51.87
2007-4,Ronnie Ricketts,7,24.93
2007-4,Rosa Reynolds,11,50.89
2007-4,Rose Howard,9,37.91
2007-4,Rosemary Schmidt,14,48.86
2007-4,Ross Grey,15,49.85
2007-4,Roy Whiting,15,69.85
2007-4,Ruben Geary,9,36.91
2007-4,Ruby Washington,13,59.87
2007-4,Russell Brinson,14,58.86
2007-4,Ruth Martinez,6,34.94
2007-4,Ryan Salisbury,17,65.83
2007-4,Sally Pierce,15,48.85
2007-4,Salvador Teel,12,44.88
2007-4,Samantha Duncan,7,22.93
2007-4,Sam Mcduffie,14,64.86
2007-4,Samuel Marlow,8,22.92
2007-4,Sandra Martin,10,34.90
2007-4,Sarah Lewis,13,60.87
2007-4,Sara Perry,12,64.88
2007-4,Scott Shelley,12,41.88
2007-4,Sean Douglass,8,23.92
2007-4,Sergio Stanfield,10,48.90
2007-4,Seth Hannon,14,56.86
2007-4,Shane Millard,11,50.89
2007-4,Shannon Freeman,10,45.90
2007-4,Sharon Robinson,10,42.90
2007-4,Shawn Heaton,14,56.86
2007-4,Sheila Wells,8,37.92
2007-4,Shelly Watts,12,53.88
2007-4,Sherri Rhodes,13,48.87
2007-4,Sherry Marshall,10,44.90
2007-4,Shirley Allen,12,46.88
2007-4,Sidney Burleson,12,51.88
2007-4,Sonia Gregory,12,60.88
2007-4,Stacey Montgomery,16,62.84
2007-4,Stacy Cunningham,10,40.90
2007-4,Stanley Scroggins,14,59.86
2007-4,Stella Moreno,7,33.93
2007-4,Stephanie Mitchell,15,70.85
2007-4,Stephen Qualls,17,78.83
2007-4,Steve Mackenzie,16,77.84
2007-4,Steven Curley,12,55.88
2007-4,Sue Peters,8,35.92
2007-4,Susan Wilson,12,35.88
2007-4,Suzanne Nichols,10,39.90
2007-4,Sylvia Ortiz,13,48.87
2007-4,Tamara Nguyen,13,49.87
2007-4,Tammy Sanders,20,70.80
2007-4,Tanya Gilbert,15,64.85
2007-4,Tara Ryan,7,40.93
2007-4,Ted Breaux,14,51.86
2007-4,Teresa Rogers,8,29.92
2007-4,Terrance Roush,15,61.85
2007-4,Terrence Gunderson,19,86.81
2007-4,Terri Vasquez,13,60.87
2007-4,Terry Carlson,9,33.91
2007-4,Terry Grissom,11,52.89
2007-4,Thelma Murray,15,61.85
2007-4,Theodore Culp,17,71.83
2007-4,Theresa Watson,10,36.90
2007-4,Thomas Grigsby,6,27.94
2007-4,Tiffany Jordan,7,22.93
2007-4,Tim Cary,14,58.86
2007-4,Timothy Bunn,10,41.90
2007-4,Tina Simmons,15,78.85
2007-4,Todd Tan,13,54.87
2007-4,Tom Milner,13,45.87
2007-4,Tommy Collazo,18,89.82
2007-4,Toni Holt,12,52.88
2007-4,Tonya Chapman,17,82.83
2007-4,Tony Carranza,10,36.90
2007-4,Tracey Barrett,11,34.89
2007-4,Tracy Cole,13,51.87
2007-4,Tracy Herrmann,10,37.90
2007-4,Travis Estep,7,35.93
2007-4,Troy Quigley,13,56.87
2007-4,Tyler Wren,8,29.92
2007-4,Tyrone Asher,9,39.91
2007-4,Valerie Black,11,54.89
2007-4,Vanessa Sims,11,47.89
2007-4,Velma Lucas,17,76.83
2007-4,Vera Mccoy,8,37.92
2007-4,Vernon Chapa,9,48.91
2007-4,Veronica Stone,13,45.87
2007-4,Vickie Brewer,11,41.89
2007-4,Vicki Fields,5,16.95
2007-4,Victor Barkley,10,39.90
2007-4,Victoria Gibson,10,41.90
2007-4,Vincent Ralston,10,40.90
2007-4,Viola Hanson,14,54.86
2007-4,Violet Rodriquez,12,49.88
2007-4,Virgil Wofford,14,57.86
2007-4,Virginia Green,16,68.84
2007-4,Vivian Ruiz,9,36.91
2007-4,Wade Delvalle,16,64.84
2007-4,Wallace Slone,9,38.91
2007-4,Walter Perryman,13,52.87
2007-4,Wanda Patterson,12,61.88
2007-4,Warren Sherrod,16,74.84
2007-4,Wayne Truong,8,27.92
2007-4,Wendy Harrison,15,50.85
2007-4,Wesley Bull,18,80.82
2007-4,Willard Lumpkin,12,48.88
2007-4,William Satterfield,10,39.90
2007-4,Willie Howell,15,64.85
2007-4,Willie Markham,9,39.91
2007-4,Wilma Richards,7,40.93
2007-4,Yolanda Weaver,7,27.93
2007-4,Yvonne Watkins,7,32.93
2007-4,Zachary Hite,15,79.85
2007-5,Adrian Clary,1,2.99
2007-5,Albert Crouse,1,2.99
2007-5,Alberto Henning,1,2.99
2007-5,Alicia Mills,1,4.99
2007-5,Allan Cornish,1,0.99
2007-5,Allen Butterfield,1,0.99
2007-5,Allison Stanley,2,3.98
2007-5,Ana Bradley,1,2.99
2007-5,Andy Vanhorn,1,2.99
2007-5,Angela Hernandez,1,0.99
2007-5,Anna Hill,1,0.99
2007-5,Annette Olson,2,3.98
2007-5,April Burns,1,0.99
2007-5,Barry Lovelace,1,0.99
2007-5,Becky Miles,1,0.99
2007-5,Bernard Colby,1,4.99
2007-5,Beth Franklin,1,2.99
2007-5,Betty White,1,4.99
2007-5,Beverly Brooks,1,2.99
2007-5,Bill Gavin,2,3.98
2007-5,Brandon Huey,1,4.99
2007-5,Brent Harkins,1,2.99
2007-5,Carmen Owens,1,2.99
2007-5,Carolyn Perez,2,5.98
2007-5,Cassandra Walters,2,3.98
2007-5,Cathy Spencer,2,7.98
2007-5,Cecil Vines,1,0.99
2007-5,Charlie Bess,1,0.99
2007-5,Chris Brothers,1,4.99
2007-5,Christian Jung,1,2.99
2007-5,Christine Roberts,2,3.98
2007-5,Claudia Fuller,1,0.99
2007-5,Clinton Buford,1,4.99
2007-5,Colleen Burton,1,4.99
2007-5,Cory Meehan,1,2.99
2007-5,Courtney Day,1,2.99
2007-5,Craig Morrell,1,0.99
2007-5,Curtis Irby,1,2.99
2007-5,Cynthia Young,1,2.99
2007-5,Daisy Bates,1,0.99
2007-5,Darryl Ashcraft,1,2.99
2007-5,Daryl Larue,1,0.99
2007-5,Derrick Bourque,1,0.99
2007-5,Dianne Shelton,1,4.99
2007-5,Dustin Gillette,1,0.99
2007-5,Edward Baugh,1,0.99
2007-5,Elizabeth Brown,1,0.99
2007-5,Elmer Noe,2,5.98
2007-5,Emily Diaz,1,0.99
2007-5,Enrique Forsythe,1,0.99
2007-5,Felix Gaffney,1,4.99
2007-5,Florence Woods,2,1.98
2007-5,Freddie Duggan,1,4.99
2007-5,Fred Wheat,1,0.99
2007-5,Gail Knight,2,7.98
2007-5,Gary Coy,1,2.99
2007-5,Gilbert Sledge,1,4.99
2007-5,Gina Williamson,1,2.99
2007-5,Gloria Cook,1,4.99
2007-5,Grace Ellis,1,4.99
2007-5,Gregory Mauldin,1,0.99
2007-5,Greg Robins,1,4.99
2007-5,Guy Brownlee,1,2.99
2007-5,Gwendolyn May,1,2.99
2007-5,Heather Morris,2,7.98
2007-5,Helen Harris,2,3.98
2007-5,Hilda Hopkins,1,0.99
2007-5,Holly Fox,1,2.99
2007-5,Ian Still,1,0.99
2007-5,Ivan Cromwell,1,0.99
2007-5,Jay Robb,1,0.99
2007-5,Jean Bell,1,0.99
2007-5,Jeanette Greene,1,0.99
2007-5,Jeanne Lawson,1,2.99
2007-5,Jenny Castro,1,0.99
2007-5,Jeremy Hurtado,1,2.99
2007-5,Jerry Jordon,1,0.99
2007-5,Jessie Banks,1,0.99
2007-5,Jessie Milam,1,2.99
2007-5,Joe Gilliland,1,2.99
2007-5,Joel Francisco,1,2.99
2007-5,John Farnsworth,1,4.99
2007-5,Jordan Archuleta,2,5.98
2007-5,Joshua Mark,1,0.99
2007-5,Juanita Mason,1,0.99
2007-5,Judith Cox,1,4.99
2007-5,Judy Gray,1,0.99
2007-5,Julie Sanchez,1,4.99
2007-5,Justin Ngo,2,7.98
2007-5,Katie Elliott,1,2.99
2007-5,Kenneth Gooden,1,2.99
2007-5,Kristin Johnston,1,2.99
2007-5,Kyle Spurlock,1,0.99
2007-5,Larry Thrasher,1,2.99
2007-5,Laura Rodriguez,1,4.99
2007-5,Lauren Hudson,1,0.99
2007-5,Laurie Lawrence,1,4.99
2007-5,Lawrence Lawton,2,3.98
2007-5,Lee Hawks,1,0.99
2007-5,Leonard Schofield,1,0.99
2007-5,Lisa Anderson,1,0.99
2007-5,Lois Butler,1,4.99
2007-5,Louise Jenkins,1,4.99
2007-5,Louis Leone,1,0.99
2007-5,Lucy Wheeler,2,5.98
2007-5,Marcia Dean,1,0.99
2007-5,Margaret Moore,1,4.99
2007-5,Margie Wade,2,7.98
2007-5,Marie Turner,1,4.99
2007-5,Marilyn Ross,1,2.99
2007-5,Mario Cheatham,1,4.99
2007-5,Marion Snyder,1,4.99
2007-5,Mattie Hoffman,1,4.99
2007-5,Melanie Armstrong,1,2.99
2007-5,Melvin Ellington,1,2.99
2007-5,Michelle Clark,1,2.99
2007-5,Miguel Betancourt,2,3.98
2007-5,Mildred Bailey,2,9.98
2007-5,Milton Howland,1,0.99
2007-5,Morris Mccarter,2,5.98
2007-5,Naomi Jennings,1,0.99
2007-5,Natalie Meyer,2,5.98
2007-5,Neil Renner,1,0.99
2007-5,Norma Gonzales,1,4.99
2007-5,Norman Currier,1,4.99
2007-5,Peggy Myers,1,0.99
2007-5,Perry Swafford,1,4.99
2007-5,Rafael Abney,1,4.99
2007-5,Ramona Hale,1,2.99
2007-5,Raymond Mcwhorter,1,0.99
2007-5,Regina Berry,1,0.99
2007-5,Robin Hayes,1,0.99
2007-5,Roland South,1,4.99
2007-5,Sarah Lewis,1,2.99
2007-5,Scott Shelley,1,2.99
2007-5,Sergio Stanfield,1,0.99
2007-5,Seth Hannon,1,2.99
2007-5,Sonia Gregory,2,5.98
2007-5,Stacey Montgomery,1,4.99
2007-5,Stacy Cunningham,1,4.99
2007-5,Stephanie Mitchell,1,2.99
2007-5,Sylvia Ortiz,1,4.99
2007-5,Tamara Nguyen,1,0.99
2007-5,Tammy Sanders,3,8.97
2007-5,Terrance Roush,1,0.99
2007-5,Terry Grissom,1,0.99
2007-5,Tom Milner,1,4.99
2007-5,Tracy Cole,1,4.99
2007-5,Travis Estep,1,2.99
2007-5,Tyler Wren,1,2.99
2007-5,Vickie Brewer,1,0.99
2007-5,Viola Hanson,1,4.99
2007-5,Wanda Patterson,1,4.99
2007-5,Wendy Harrison,1,2.99
2007-5,Willie Howell,1,4.99
2007-5,Willie Markham,1,4.99
2007-5,Yolanda Weaver,1,4.99
2007-5,Zachary Hite,1,0.99
